SNP_Index,Attribution
2330,0.05231161
8661,0.049322747
1563,0.041620746
11132,0.041572608
1574,0.041281067
6812,0.041228853
2835,0.039359733
3666,0.038557224
4121,0.037364192
11819,0.037082277
8237,0.03679807
9526,0.036213525
6151,0.035877634
3910,0.03563989
2487,0.034810573
11459,0.03475749
14177,0.033965312
10869,0.033833224
1704,0.03352993
5573,0.033463724
